<linker>
    <assembly fullname="mscorlib">
        <namespace fullname="System.Security.Cryptography" preserve="all"/>
    </assembly>
    <assembly fullname="System">
        <namespace fullname="System.Net.Configuration" preserve="all"/>
    </assembly>
    <assembly fullname="System">
        <namespace fullname="System.ComponentModel" preserve="all"/>
    </assembly>
    <assembly fullname="Photon3Unity3d">
        <namespace fullname="ExitGames.Client.Photon" preserve="all"/>
    </assembly>
</linker>