<dependencies>
  <packages>
    <package>androidx.constraintlayout:constraintlayout:2.1.4</package>
    <package>com.google.android.gms:play-services-ads:23.0.0</package>
    <package>com.google.android.ump:user-messaging-platform:2.2.0</package>
  </packages>
  <files />
  <settings>
    <setting name="androidAbis" value="arm64-v8a,armeabi-v7a" />
    <setting name="bundleId" value="com.bekstudio.carrom" />
    <setting name="explodeAars" value="True" />
    <setting name="gradleBuildEnabled" value="True" />
    <setting name="gradlePropertiesTemplateEnabled" value="True" />
    <setting name="gradleTemplateEnabled" value="True" />
    <setting name="installAndroidPackages" value="True" />
    <setting name="localMavenRepoDir" value="Assets/GeneratedLocalRepo" />
    <setting name="packageDir" value="Assets/Plugins/Android" />
    <setting name="patchAndroidManifest" value="True" />
    <setting name="patchMainTemplateGradle" value="True" />
    <setting name="projectExportEnabled" value="False" />
    <setting name="useFullCustomMavenRepoPathWhenExport" value="True" />
    <setting name="useFullCustomMavenRepoPathWhenNotExport" value="False" />
    <setting name="useJetifier" value="True" />
  </settings>
</dependencies>