<dependencies>
    <androidPackages>
        <androidPackage spec="com.google.android.gms:play-services-ads:23.0.0">
            <repositories>
                <repository>https://maven.google.com/</repository>
            </repositories>
        </androidPackage>
        <androidPackage spec="androidx.constraintlayout:constraintlayout:2.1.4">
            <repositories>
                <repository>https://maven.google.com/</repository>
            </repositories>
        </androidPackage>
    </androidPackages>

    <iosPods>
        <iosPod name="Google-Mobile-Ads-SDK" version="~> 11.2.0">
            <sources>
                <source>https://github.com/CocoaPods/Specs</source>
            </sources>
        </iosPod>
    </iosPods>
</dependencies>
